City_ID,City,Lat,Lng,Max Temp,Humidity,Cloudiness,Wind Speed,Country,Date
0,tondano,1.3038,124.9112,21.05,94,52,1.64,ID,1691514137
1,ribeira brava,32.65,-17.0667,27.35,61,0,3.38,PT,1691514138
2,mili,6.0815,171.735,27.21,81,100,5.08,MH,1691514140
3,oppdal,62.5943,9.6912,13.59,96,100,2.52,NO,1691514141
4,helena valley west central,46.6629,-112.0604,22.62,57,2,1.79,US,1691514142
5,kalmunai,7.4167,81.8167,28.29,73,99,2.13,LK,1691514143
6,puerto natales,-51.7236,-72.4875,2.96,67,78,0.14,CL,1691514088
7,ilulissat,69.2167,-51.1,10.01,53,40,1.54,GL,1691514145
8,lukolela,-1.0605,17.1821,25.4,68,79,1.38,CD,1691514145
9,khandyga,62.6667,135.6,9.81,64,66,1.04,RU,1691514147
10,georgetown,5.4112,100.3354,25.01,97,20,1.54,MY,1691514082
11,kismayo,-0.3582,42.5454,24.56,82,5,7.13,SO,1691514149
12,qarqin,37.4185,66.0436,33.77,17,62,4.64,AF,1691514150
13,uturoa,-16.7333,-151.4333,25.4,78,79,1.71,PF,1691514151
14,adamstown,-25.066,-130.1015,22.27,87,98,12.56,PN,1691514152
15,badger,64.8,-147.5333,16.01,92,100,1.07,US,1691514153
16,port-aux-francais,-49.35,70.2167,0.94,80,92,13.9,TF,1691514154
17,port mathurin,-19.6833,63.4167,22.67,71,19,9.44,MU,1691514155
18,afaahiti,-17.75,-149.2833,22.93,76,50,4.41,PF,1691514156
19,kolonia town,6.964,158.206,27.16,80,100,6.89,FM,1691514157
20,nadi,-17.8,177.4167,21.0,88,75,1.54,FJ,1691514158
21,salinopolis,-0.6136,-47.3561,28.37,74,61,5.95,BR,1691514131
22,bethel,41.3712,-73.414,27.49,70,100,5.66,US,1691513942
23,sola,-13.8833,167.55,24.74,83,100,8.46,VU,1691514082
24,mejit,10.2753,170.8646,28.01,76,78,6.75,MH,1691514162
25,invercargill,-46.4,168.35,3.34,94,99,2.68,NZ,1691514163
26,aasiaat,68.7098,-52.8699,3.95,72,32,2.24,GL,1691514165
27,punta arenas,-53.15,-70.9167,2.84,74,99,0.48,CL,1691514166
28,iskateley,67.6803,53.1512,12.29,64,77,3.1,RU,1691514168
29,jamestown,42.097,-79.2353,23.07,68,75,11.32,US,1691513988
30,west island,-12.1568,96.8225,25.99,83,40,6.69,CC,1691514171
31,rikaze,29.25,88.8833,17.63,52,100,2.89,CN,1691514171
32,kodinsk,58.6881,99.1844,14.77,77,3,0.8,RU,1691514172
33,olovyannaya,50.95,115.5667,15.87,61,37,1.53,RU,1691514173
34,shchyolkino,45.4291,35.8223,26.52,59,1,0.18,UA,1691514174
35,blackmans bay,-43.0167,147.3167,4.18,93,54,2.63,AU,1691514175
36,besisahar,28.2313,84.3761,24.05,97,100,0.33,NP,1691514176
37,albany,42.6001,-73.9662,24.23,86,100,2.55,US,1691514133
38,shimoda,34.6667,138.95,26.17,90,62,2.58,JP,1691514178
39,nemuro,43.3236,145.575,17.74,100,100,3.59,JP,1691514179
40,grytviken,-54.2811,-36.5092,-3.82,82,32,3.98,GS,1691514180
41,ribeira grande,38.5167,-28.7,24.87,78,40,5.81,PT,1691514181
42,hadibu,12.65,54.0333,26.0,77,57,8.25,YE,1691514182
43,olonkinbyen,70.9221,-8.7187,4.79,91,100,6.47,SJ,1691514183
44,saipan,15.1355,145.701,27.39,100,0,1.54,MP,1691514184
45,edinburgh of the seven seas,-37.0676,-12.3116,15.02,86,64,18.45,SH,1691514185
46,val-d'or,48.1002,-77.7828,20.05,73,75,7.72,CA,1691514187
47,chhibramau,27.1483,79.4979,30.89,59,100,6.02,IN,1691514077
48,tofol,5.3248,163.0078,26.63,82,93,3.76,FM,1691514188
49,nova sintra,14.8667,-24.7167,22.54,74,10,7.38,CV,1691514189
50,chonchi,-42.6128,-73.8092,10.07,94,100,2.01,CL,1691514190
51,waitangi,-43.9535,-176.5597,8.79,96,100,0.89,NZ,1691514191
52,thompson,55.7435,-97.8558,11.09,93,100,6.17,CA,1691514192
53,castuera,38.732,-5.5439,42.54,12,60,4.4,ES,1691514193
54,talnakh,69.4865,88.3972,18.45,62,92,0.23,RU,1691514194
55,bizerte,37.2744,9.8739,27.0,50,0,7.2,TN,1691514195
56,coahuayana de hidalgo,18.7,-103.6583,32.91,60,26,1.71,MX,1691514196
57,yellowknife,62.456,-114.3525,18.29,63,20,7.72,CA,1691513997
58,moranbah,-22.0016,148.0466,13.24,91,2,3.01,AU,1691514198
59,antigonish,45.6169,-61.9986,22.3,73,99,3.58,CA,1691514199
60,sao jose da coroa grande,-8.8978,-35.1478,24.98,83,83,5.08,BR,1691514200
61,nikolayevsk-on-amure,53.1406,140.73,12.74,93,99,1.63,RU,1691514201
62,tiksi,71.6872,128.8694,9.95,73,24,0.69,RU,1691514202
63,puerto aysen,-45.4,-72.7,10.02,71,75,3.09,CL,1691514203
64,iqaluit,63.7506,-68.5145,6.85,87,40,5.66,CA,1691514082
65,iwon-up,40.3231,128.6553,21.53,90,95,0.58,KP,1691514205
66,ambovombe,-25.1667,46.0833,20.32,84,5,5.99,MG,1691514207
67,el jadid,33.2549,-8.506,24.45,78,69,3.47,MA,1691514208
68,flying fish cove,-10.4217,105.6791,24.82,83,100,5.66,CX,1691514209
69,tazovsky,67.4667,78.7,15.17,70,82,2.52,RU,1691514209
70,constantia,44.1833,28.65,22.61,59,35,4.27,RO,1691514210
71,nouadhibou,20.931,-17.0347,25.99,65,0,9.77,MR,1691514211
72,bokovskaya,49.229,41.8306,28.42,41,0,3.93,RU,1691514213
73,ust-nera,64.5667,143.2,11.23,61,78,1.21,RU,1691514214
74,palenque,17.5167,-91.9667,33.05,52,28,3.39,MX,1691514215
75,labytnangi,66.6572,66.4183,13.26,76,100,2.03,RU,1691514216
76,udachny,66.4167,112.4,19.14,51,45,2.38,RU,1691514217
77,bredasdorp,-34.5322,20.0403,10.95,83,55,2.11,ZA,1691514218
78,virginia beach,36.8529,-75.978,31.68,67,75,6.17,US,1691514000
79,sinop,41.7711,34.8709,19.33,94,60,2.44,TR,1691514220
80,khvansar,33.2205,50.315,17.19,62,97,5.46,IR,1691514221
81,kourou,5.1552,-52.6478,33.03,63,30,4.67,GF,1691514222
82,piti village,13.4626,144.6933,27.49,93,0,1.54,GU,1691514222
83,abomsa,9.9833,39.9833,25.16,55,50,2.36,ET,1691514223
84,tolanaro,-25.0319,46.9987,19.97,88,7,4.39,MG,1691514224
85,quata,-22.2475,-50.6983,28.35,39,0,5.87,BR,1691514169
86,suncho corral,-27.9336,-63.4294,20.35,31,66,3.94,AR,1691514226
87,haiku-pauwela,20.9219,-156.3051,25.58,68,40,8.23,US,1691514227
88,ust'-kulom,61.6864,53.6902,18.16,77,25,2.55,RU,1691514228
89,livramento do brumado,-13.6431,-41.8406,32.02,31,1,2.81,BR,1691514229
90,port elizabeth,-33.918,25.5701,15.61,82,40,7.2,ZA,1691514230
91,arauca,7.0847,-70.7591,30.98,70,40,1.03,CO,1691514006
92,jerseyville,39.12,-90.3285,29.32,54,70,2.84,US,1691514232
93,santa rita do sapucai,-22.2522,-45.7033,28.54,33,0,1.31,BR,1691514233
94,anuradhapura,8.3565,80.4173,25.98,81,92,5.02,LK,1691514234
95,vadso,70.0744,29.7487,26.49,68,0,4.63,NO,1691514235
96,okhotsk,59.3833,143.3,11.5,70,58,3.56,RU,1691514236
97,kingston,17.997,-76.7936,34.58,65,20,4.12,JM,1691514153
98,pandan,14.0453,124.1694,27.67,83,69,3.41,PH,1691514238
99,stanley,54.868,-1.6985,18.77,58,20,5.14,GB,1691514239
100,kavaratti,10.5669,72.642,27.78,79,98,6.31,IN,1691514240
101,ketchikan,55.3422,-131.6461,15.26,94,100,3.09,US,1691514241
102,chengde,40.9725,117.9361,18.91,91,47,0.77,CN,1691514243
103,jiuquan,39.7432,98.5174,28.51,29,54,1.57,CN,1691514244
104,cabo san lucas,22.8909,-109.9124,35.66,59,0,4.99,MX,1691513687
105,cornelio procopio,-23.1811,-50.6467,24.58,46,86,5.76,BR,1691514246
106,san miguel panixtlahuaca,16.2484,-97.3843,29.11,50,4,1.86,MX,1691514247
107,margaret river,-33.95,115.0667,11.92,56,56,5.75,AU,1691514248
108,severo-yeniseyskiy,60.3725,93.0408,11.46,97,92,1.72,RU,1691514248
109,ola,59.5833,151.2833,8.16,68,20,4.05,RU,1691514249
110,troitskiy,57.0603,63.7481,18.75,70,37,1.41,RU,1691514250
111,kikinda,45.8297,20.4653,21.14,47,19,2.11,RS,1691514251
112,tengrela,10.4869,-6.4097,29.12,66,82,0.37,CI,1691514252
113,longyearbyen,78.2186,15.6401,10.91,58,20,8.23,SJ,1691514253
114,tura,25.5198,90.2201,23.88,99,100,2.62,IN,1691514254
115,kyabe,9.4515,18.9449,23.49,91,97,1.25,TD,1691514255
116,datong,40.0936,113.2914,22.88,64,57,1.25,CN,1691514013
117,hami,42.8,93.45,33.83,20,100,7.5,CN,1691514257
118,callao,-12.0667,-77.15,22.16,68,100,4.12,PE,1691514258
119,el calafate,-50.3408,-72.2768,1.93,80,57,2.03,AR,1691514259
120,beau vallon,-20.4189,57.6953,23.13,64,40,6.17,MU,1691514260
121,am timan,11.0297,20.2827,24.53,87,80,2.5,TD,1691514261
122,oak island,33.9166,-78.1611,33.91,71,0,6.17,US,1691514045
123,port augusta,-32.5,137.7667,8.71,47,0,2.87,AU,1691514264
124,hithadhoo,-0.6,73.0833,27.91,71,79,2.06,MV,1691514265
125,agat village,13.3886,144.6585,27.52,93,0,1.54,GU,1691514266
126,tra vinh,9.9347,106.3453,25.58,88,12,3.14,VN,1691514267
127,debno,52.739,14.698,16.75,65,96,6.22,PL,1691514268
128,college,64.8569,-147.8028,16.06,86,75,1.54,US,1691514269
129,dakhla,23.6848,-15.958,25.01,69,0,8.23,EH,1691514270
130,baotou,40.6522,109.8222,27.9,38,74,2.29,CN,1691514270
131,akjoujt,19.6969,-14.4164,39.41,15,0,4.67,MR,1691514272
132,eraan,9.0629,117.7016,26.48,88,6,3.36,PH,1691514274
133,hawaiian paradise park,19.5933,-154.9731,23.83,89,75,0.45,US,1691514275
134,bilibino,68.0546,166.4372,4.84,53,100,2.38,RU,1691514276
135,lichinga,-13.3128,35.2406,17.05,72,40,3.6,MZ,1691514277
136,wailua homesteads,22.0669,-159.378,26.44,82,100,8.23,US,1691514278
137,san luis de la loma,17.2706,-100.8939,32.11,61,0,3.74,MX,1691514279
138,refojos de basto,41.5132,-7.9952,36.68,21,0,4.16,PT,1691514280
139,saint-pierre,-21.3393,55.4781,20.82,78,0,2.57,RE,1691514281
140,sao joao da barra,-21.6403,-41.0511,25.05,67,8,9.3,BR,1691514246
141,nuuk,64.1835,-51.7216,8.34,81,20,3.58,GL,1691514283
142,isafjordur,66.0755,-23.124,12.02,62,20,4.12,IS,1691514284
143,boyolangu,-8.1181,111.8935,21.39,93,38,1.22,ID,1691514285
144,ushuaia,-54.8,-68.3,3.81,81,0,1.54,AR,1691513979
145,berdigestyakh,62.0989,126.6992,10.89,65,14,2.26,RU,1691514287
146,ngozi,-2.9075,29.8306,19.14,50,79,1.99,BI,1691514289
147,mlandizi,-6.7,38.7333,23.69,72,62,3.46,TZ,1691514289
148,hamilton,39.1834,-84.5333,27.77,59,39,0.89,US,1691513999
149,lorengau,-2.0226,147.2712,27.06,81,59,4.8,PG,1691514292
150,kendari,-3.945,122.4989,22.59,93,95,1.54,ID,1691514293
151,ceeldheer,3.8488,47.1806,24.61,81,47,9.65,SO,1691514294
152,arraial do cabo,-22.9661,-42.0278,23.92,78,75,6.17,BR,1691514073
153,jalalabad,34.4265,70.4515,34.5,34,0,2.8,AF,1691514297
154,uyuni,-20.4597,-66.825,11.21,24,0,7.4,BO,1691514298
155,puerto ayora,-0.7393,-90.3518,28.98,85,98,3.58,EC,1691514299
156,san antonio de pale,-1.4014,5.6325,23.4,75,27,5.06,GQ,1691514076
157,saldanha,-33.0117,17.9442,15.03,77,0,10.2,ZA,1691514301
158,walvis bay,-22.9575,14.5053,27.53,28,0,3.6,NA,1691514302
159,taulaga,-11.0553,-171.0883,27.88,70,86,6.23,AS,1691514304
160,atafu village,-8.5421,-172.5159,27.74,76,56,5.54,TK,1691514305
161,qaqortoq,60.7167,-46.0333,6.83,76,1,3.39,GL,1691514306
162,holualoa,19.6228,-155.9522,23.91,84,40,4.12,US,1691514309
163,shendi,16.6915,33.4341,33.84,40,59,7.92,SD,1691514310
164,barclayville,4.6797,-8.2339,25.36,85,88,4.72,LR,1691514312
165,phan rang-thap cham,11.5667,108.9833,26.6,74,2,2.59,VN,1691514314
166,baoro,5.6667,15.9667,20.17,97,99,2.28,CF,1691514315
167,coquimbo,-29.9533,-71.3436,17.85,72,40,3.6,CL,1691514035
168,new plymouth,-39.0667,174.0833,7.12,69,13,3.33,NZ,1691514319
169,ancud,-41.8697,-73.8203,9.36,94,100,2.69,CL,1691514321
170,keflavik,64.0049,-22.5624,13.95,82,40,4.63,IS,1691514322
171,usinsk,65.9939,57.5281,15.16,67,80,4.61,RU,1691514323
172,tayoltita,24.0833,-105.9333,30.05,55,8,2.13,MX,1691514324
173,lazaro cardenas,17.9583,-102.2,32.07,63,23,1.96,MX,1691514325
174,murashi,59.3999,48.9615,15.92,87,2,1.93,RU,1691514326
175,port saint john's,-31.6229,29.5448,18.84,76,47,7.79,ZA,1691514327
176,lockwood,45.8191,-108.4149,24.55,52,20,2.57,US,1691514332
177,annandale,38.8304,-77.1964,28.24,55,20,6.69,US,1691514333
178,lihue,21.9789,-159.3672,26.77,77,100,8.23,US,1691514334
179,jennings,38.7192,-90.2604,29.43,62,40,4.12,US,1691514335
180,cotati,38.3269,-122.7072,20.42,73,100,1.79,US,1691514336
181,pisco,-13.7,-76.2167,21.03,68,0,5.14,PE,1691514287
182,al hawatah,13.4167,34.6333,27.82,64,9,3.25,SD,1691514338
183,baharly,38.4362,57.4316,35.13,17,0,2.06,TM,1691514339
184,smithers,54.7804,-127.1743,14.18,88,100,2.06,CA,1691514340
185,pudozh,61.8099,36.5345,22.57,61,2,3.26,RU,1691514341
186,fuglafjordur,62.244,-6.814,8.26,75,100,11.73,FO,1691514342
187,crane,31.3974,-102.3501,34.37,29,94,4.72,US,1691514343
188,guerrero negro,27.9769,-114.0611,27.68,66,37,4.56,MX,1691514344
189,touros,-5.1989,-35.4608,26.33,76,37,7.95,BR,1691514064
190,ridder,50.355,83.5133,14.35,65,55,1.4,KZ,1691514345
191,kailua-kona,19.6406,-155.9956,25.98,84,40,4.12,US,1691514346
192,mount gambier,-37.8333,140.7667,6.0,79,17,3.81,AU,1691514347
193,santana,-0.0583,-51.1817,33.1,58,40,4.12,BR,1691514348
194,saynshand,44.8824,110.1163,22.73,48,4,5.74,MN,1691514349
195,karyes,37.3,22.5,24.0,50,19,1.67,GR,1691514350
196,ghardaia,32.4909,3.6735,39.64,10,0,3.09,DZ,1691514351
197,hermanus,-34.4187,19.2345,13.22,76,55,5.44,ZA,1691514352
198,goz beida,13.95,20.55,28.91,62,81,3.57,TD,1691514353
199,west bay,19.3667,-81.4167,34.04,72,20,5.14,KY,1691514354
200,mishkino,55.3389,63.9175,19.46,59,100,2.84,RU,1691514355
201,jinxiang,27.4327,120.6062,26.79,90,68,1.46,CN,1691514355
202,polyarnyy,69.1989,33.4478,22.04,72,0,3.84,RU,1691514356
203,pecos,31.4229,-103.4932,34.02,37,0,0.0,US,1691513917
204,anadyr,64.75,177.4833,9.28,81,40,5.0,RU,1691514359
205,bogorodskoye,56.55,37.8833,21.18,83,88,2.74,RU,1691514360
206,armidale,-30.5167,151.65,2.21,97,3,1.61,AU,1691514361
207,syktyvkar,61.6764,50.8099,16.85,82,0,2.0,RU,1691514363
208,baukau,51.5526,7.2042,19.87,57,83,2.68,DE,1691514364
209,taoudenni,22.6783,-3.9836,46.16,6,3,6.49,ML,1691514365
210,itambacuri,-18.0311,-41.685,32.18,24,0,3.78,BR,1691514366
211,lake jackson,29.0339,-95.4344,36.19,56,20,5.14,US,1691514220
212,galesong,-5.3166,119.3661,23.01,76,65,3.67,ID,1691514368
213,vernon,50.2581,-119.2691,24.78,49,100,2.24,CA,1691514089
214,klyuchi,52.2667,79.1667,20.77,41,36,0.46,RU,1691514370
215,kolonia,50.9333,6.95,19.98,63,20,7.72,DE,1691514249
216,howard springs,-12.497,131.047,23.95,82,23,2.53,AU,1691514372
217,akobo,7.4344,3.9497,24.97,84,58,2.99,NG,1691514373
218,daru,-9.0763,143.2092,24.2,78,100,7.18,PG,1691514374
219,siwa oasis,29.2041,25.5195,35.44,26,0,4.12,EG,1691514375
220,weno,7.4515,151.8468,27.97,83,100,1.54,FM,1691514376
221,san patricio,28.017,-97.5169,36.15,39,0,6.46,US,1691514377
222,kopargaon,19.8833,74.4833,24.66,78,92,4.87,IN,1691514378
223,yarmouth,41.7057,-70.2286,25.36,96,100,3.6,US,1691514379
224,lerwick,60.1545,-1.1494,11.0,76,100,13.3,GB,1691514380
225,swift current,50.2834,-107.8014,18.45,68,0,4.12,CA,1691514099
226,labasa,-16.4167,179.3833,22.23,89,9,1.85,FJ,1691514382
227,grivenskaya,45.6473,38.176,26.87,48,1,4.4,RU,1691514383
228,bull savanna,17.8868,-77.5902,31.26,60,36,5.17,JM,1691514384
229,tadmur,34.5608,38.2805,33.14,32,0,8.38,SY,1691514232
230,kirensk,57.7853,108.1119,18.51,71,85,0.68,RU,1691514386
231,vila do maio,15.1333,-23.2167,30.44,70,37,4.94,CV,1691514387
232,glasgow,55.8652,-4.2576,18.35,62,75,5.66,GB,1691514285
233,bikin,46.8161,134.26,18.53,98,98,1.92,RU,1691514389
234,kikwit,-5.041,18.8162,31.24,30,17,1.46,CD,1691514390
235,echuca,-36.1333,144.75,4.42,92,1,2.41,AU,1691514390
236,tarinkot,32.6268,65.8733,29.48,16,0,1.48,AF,1691514391
237,floro,61.5996,5.0328,12.04,93,75,11.83,NO,1691514130
238,oranjemund,-28.55,16.4333,13.47,88,0,10.09,NA,1691514393
239,minas de marcona,-15.2119,-75.1103,17.96,59,8,6.22,PE,1691514394
240,fort bragg,35.139,-79.006,32.12,57,0,5.14,US,1691514395
241,vratsa,43.21,23.5625,20.45,48,9,2.43,BG,1691514396
242,ierapetra,35.01,25.7353,28.41,52,0,0.89,GR,1691514397
243,chernyshevskiy,63.0128,112.4714,16.06,75,72,2.45,RU,1691514398
244,amahai,-3.3333,128.9167,28.94,86,83,3.57,ID,1691514399
245,kodiak,57.79,-152.4072,12.73,88,20,0.0,US,1691514400
246,karratha,-20.7377,116.8463,21.15,52,1,2.27,AU,1691514402
247,malvan,16.0667,73.4667,26.64,84,94,3.77,IN,1691514403
248,saint-francois,46.4154,3.9054,24.69,36,0,2.57,FR,1691514403
249,acarau,-2.8856,-40.12,30.91,58,20,9.0,BR,1691514404
250,coyhaique,-45.5752,-72.0662,10.97,46,75,5.66,CL,1691514405
251,sao vicente,-23.9631,-46.3919,23.1,26,100,0.89,BR,1691514406
252,port lincoln,-34.7333,135.8667,12.66,42,5,7.09,AU,1691514407
253,santa elena de uairen,4.6167,-61.1333,27.97,53,69,3.96,VE,1691514408
254,wynyard,-41.0,145.7167,6.16,93,18,2.12,AU,1691514409
255,geraldton,-28.7667,114.6,11.23,93,14,2.06,AU,1691514411
256,brookings,44.3114,-96.7984,24.65,62,20,3.09,US,1691514406
257,tepetzintla,21.1667,-97.8333,30.6,60,66,2.12,MX,1691514414
258,chimore,-16.9833,-65.1333,32.42,37,15,1.92,BO,1691514415
259,tsiombe,-25.3,45.4833,20.57,82,5,4.87,MG,1691514416
260,palmas,-10.2128,-48.3603,35.93,24,0,3.09,BR,1691514417
261,motueka,-41.1333,173.0167,2.83,88,10,1.81,NZ,1691514418
262,linqiong,30.4159,103.4609,25.11,88,5,1.02,CN,1691514418
263,la sarre,48.8002,-79.1996,23.46,44,64,3.51,CA,1691514420
264,raduzhny,62.0961,77.475,17.36,58,100,3.3,RU,1691514421
265,gubkinskiy,64.434,76.5026,17.87,53,82,3.07,RU,1691514422
266,svetlyy,54.675,20.1347,14.03,73,79,8.25,RU,1691514423
267,kapuskasing,49.4169,-82.4331,22.16,60,88,1.79,CA,1691514424
268,kulhudhuffushi,6.6221,73.07,28.1,77,100,5.79,MV,1691514425
269,askoy,60.4092,5.226,12.75,50,75,9.77,NO,1691514426
270,avarua,-21.2078,-159.775,17.03,94,39,1.03,CK,1691514427
271,yuzhno-kurilsk,44.0306,145.8556,16.41,100,100,2.44,RU,1691514428
272,labrador city,52.9463,-66.9114,20.12,43,99,4.04,CA,1691514429
273,broken hill,-31.95,141.4333,9.64,61,5,2.92,AU,1691514430
274,northam,51.0333,-4.2167,18.7,96,100,6.43,GB,1691514431
275,nishinoomote,30.7333,131.0,27.58,90,100,22.54,JP,1691514432
276,plouzane,48.3833,-4.6167,18.18,91,100,6.17,FR,1691514432
277,khalkhal,37.6189,48.5258,18.19,76,3,3.02,IR,1691514433
278,torghay,49.6339,63.4981,26.49,33,60,3.74,KZ,1691514434
279,mersing,2.4312,103.8405,25.77,87,6,2.5,MY,1691514435
280,ihosy,-22.4,46.1167,16.78,80,76,2.51,MG,1691514436
281,las cruces,32.3123,-106.7783,31.14,35,0,3.6,US,1691514207
282,bonanza,14.0289,-84.591,30.97,56,100,2.03,NI,1691514438
283,lebu,-37.6167,-73.65,14.28,56,94,2.88,CL,1691514439
284,kavieng,-2.5744,150.7967,26.75,78,99,3.25,PG,1691514440
285,seabra,-12.4186,-41.7703,27.4,44,37,3.76,BR,1691514200
286,luorong,24.4058,109.6086,26.27,90,41,1.56,CN,1691514442
287,whitehorse,60.7161,-135.0538,14.89,90,100,2.68,CA,1691514443
288,mahibadhoo,3.7833,72.9667,28.02,76,86,3.76,MV,1691514444
289,mokshan,53.4365,44.6132,23.48,54,0,2.64,RU,1691514445
290,gorontalo,0.5412,123.0595,23.57,92,13,1.88,ID,1691514446
291,krasnovishersk,60.4078,57.082,18.99,70,36,1.48,RU,1691514447
292,selfoss,63.9331,-20.9971,12.25,68,79,2.28,IS,1691514449
293,igarka,67.4667,86.5833,14.75,67,53,2.79,RU,1691514449
294,ironwood,46.4547,-90.171,25.31,37,7,2.73,US,1691514450
295,jiayuguan,39.8167,98.3,28.07,29,54,1.07,CN,1691514451
296,nioki,-2.7167,17.6833,28.5,52,67,1.77,CD,1691514452
297,san matias,-16.3667,-58.4,39.21,22,0,0.98,BO,1691514453
298,santona,43.4439,-3.4576,27.17,64,0,4.15,ES,1691514454
299,khovd,48.0056,91.6419,19.87,50,100,2.34,MN,1691514455
300,lipayran,11.0593,123.6342,28.54,75,17,3.32,PH,1691514456
301,richards bay,-28.783,32.0377,18.93,73,0,3.84,ZA,1691514457
302,kill devil hills,36.0307,-75.676,31.1,66,0,4.63,US,1691514451
303,shingu,33.7333,135.9833,26.56,94,74,4.18,JP,1691514459
304,east london,-33.0153,27.9116,17.9,77,83,8.4,ZA,1691514460
305,galliano,29.4422,-90.2992,37.22,55,40,4.12,US,1691514461
306,al qubbah,32.7616,22.2424,22.06,69,0,9.4,LY,1691514462
307,concordia,-31.393,-58.0209,15.44,64,89,5.36,AR,1691514462
308,crucecita,-28.95,-58.9833,18.58,58,100,3.98,AR,1691514464
309,tahoua,14.8888,5.2692,30.14,52,95,1.64,NE,1691514465
310,yigo village,13.5361,144.8886,26.62,92,0,2.57,GU,1691514465
311,port alfred,-33.5906,26.891,15.66,89,96,1.79,ZA,1691514466
312,'alaqahdari dishu,30.4374,63.313,35.3,11,0,8.1,AF,1691514467
313,tanjung pandan,-2.75,107.65,24.65,83,21,2.91,ID,1691514469
314,necochea,-38.5473,-58.7368,10.43,52,100,7.16,AR,1691514470
315,saudarkrokur,65.7461,-19.6394,12.38,54,59,4.15,IS,1691514471
316,emerald,-23.5333,148.1667,13.37,77,1,2.07,AU,1691514472
317,bunbury,-33.3333,115.6333,11.48,63,29,4.51,AU,1691514473
318,dudinka,69.4058,86.1778,15.44,64,37,2.04,RU,1691514474
319,le port,-20.9373,55.2919,21.0,92,21,2.68,RE,1691514475
320,chudovo,59.1167,31.6833,20.46,61,18,2.35,RU,1691514475
321,hammonton,39.6365,-74.8024,25.95,74,35,6.84,US,1691514294
322,plesetsk,62.708,40.2916,18.17,67,0,2.73,RU,1691514478
323,papatowai,-46.5619,169.4708,5.29,86,100,4.94,NZ,1691514479
324,ruidoso,33.3317,-105.673,25.29,39,0,4.63,US,1691514337
325,afif,23.9065,42.9172,33.78,9,2,3.54,SA,1691514481
326,fale old settlement,-9.3852,-171.2468,28.23,71,61,6.09,TK,1691514482
327,buka,40.8108,69.1986,28.37,27,65,3.3,UZ,1691514483
328,recreo,-29.2818,-65.061,17.52,33,53,5.22,AR,1691514484
329,hasaki,35.7333,140.8333,27.95,94,76,5.99,JP,1691514485
330,naantali,60.4674,22.0243,16.91,86,20,4.63,FI,1691514487
331,mangrol,21.1167,70.1167,27.08,84,100,8.41,IN,1691514488
332,vorgashor,67.5833,63.95,11.09,78,100,4.15,RU,1691514489
333,goseong,34.9763,128.3236,27.02,88,25,4.83,KR,1691514490
334,pangkalan brandan,4.0238,98.2782,23.54,94,42,1.25,ID,1691514491
335,kone,-21.0595,164.8658,15.25,87,8,1.91,NC,1691514492
336,cherepovets,59.1333,37.9,23.9,64,20,2.0,RU,1691514493
337,west end,26.6833,-78.9667,32.99,74,12,3.73,BS,1691514494
338,vila velha,-20.3297,-40.2925,25.97,81,40,7.2,BR,1691514495
339,horta,38.5333,-28.6333,24.45,82,40,5.81,PT,1691514496
340,uliastay,47.7417,96.8444,18.51,51,100,2.35,MN,1691514498
341,coronel suarez,-37.4547,-61.9334,11.36,39,82,6.82,AR,1691514499
342,kununurra,-15.7667,128.7333,15.99,72,47,0.51,AU,1691514500
343,sitka,57.0531,-135.33,13.94,94,75,0.0,US,1691514501
344,boa vista,2.8197,-60.6733,30.99,62,75,6.69,BR,1691514502
345,kapa'a,22.0752,-159.319,27.18,82,100,8.23,US,1691514503
346,antsiranana,-12.2787,49.2917,22.69,81,9,5.41,MG,1691514442
347,tuba city,36.135,-111.2399,31.32,36,11,7.15,US,1691514505
348,tobol'sk,58.2,68.2667,17.67,67,0,2.43,RU,1691514506
349,archangelos,36.2149,28.1149,27.99,65,0,4.61,GR,1691514507
350,menaka,15.9182,2.4022,33.94,38,100,1.53,ML,1691514508
351,kayangel,8.0823,134.7173,27.14,82,100,8.1,PW,1691514509
352,nar'yan-mar,67.6713,53.087,12.4,64,78,3.08,RU,1691514510
353,luderitz,-26.6481,15.1594,17.88,63,0,10.44,NA,1691514510
354,waddan,29.1614,16.139,33.34,25,0,6.93,LY,1691514511
355,pariaman,-0.619,100.12,24.03,87,99,1.36,ID,1691514512
356,aberdeen,57.1437,-2.0981,16.41,67,40,8.75,GB,1691514514
357,sultanah,24.4926,39.5857,39.25,10,0,4.63,SA,1691514514
358,kampene,-3.6,26.6667,24.39,63,89,0.94,CD,1691514515
359,swakopmund,-22.6833,14.5333,16.66,78,6,1.34,NA,1691514516
360,tubarjal,30.4999,38.216,33.99,12,0,4.7,SA,1691514517
361,magole,-6.3667,37.3667,24.14,51,63,1.24,TZ,1691514518
362,midland,31.9974,-102.0779,32.67,45,0,4.63,US,1691514356
363,faya-largeau,17.9257,19.1043,38.34,27,6,3.93,TD,1691514520
364,orcopampa,-15.2661,-72.3417,13.96,32,5,0.93,PE,1691514521
365,kirkwall,58.9848,-2.9587,13.03,67,75,10.29,GB,1691514522
366,mhamid,29.82,-5.72,44.46,8,20,4.88,MA,1691514523
367,vilyuchinsk,52.9306,158.4028,9.03,64,100,4.0,RU,1691514524
368,maydanshakhr,34.3956,68.8662,23.32,21,0,3.13,AF,1691514525
369,queenstown,-31.8976,26.8753,12.28,63,91,3.29,ZA,1691514526
370,lata,40.1629,-8.3327,31.94,46,0,3.39,PT,1691514527
371,onega,63.9061,38.1404,20.6,63,0,4.64,RU,1691514528
372,road town,18.4167,-64.6167,32.02,70,40,4.63,VG,1691514529
373,nuku'alofa,-21.1333,-175.2,23.19,100,20,2.06,TO,1691514530
374,mungyeong,36.5946,128.1995,26.65,93,26,1.63,KR,1691514531
375,veraval,20.9,70.3667,26.98,84,100,8.18,IN,1691514532
376,bouna,9.2667,-3.0,27.54,77,98,2.4,CI,1691514533
377,dakoutun,39.5833,117.2289,24.1,86,64,2.95,CN,1691514534
378,beykonak,36.3257,30.303,27.88,71,0,1.98,TR,1691514535
379,menongue,-14.6585,17.691,20.77,24,0,1.04,AO,1691514536
380,mpika,-11.8343,31.4529,15.79,45,10,1.05,ZM,1691514537
381,flin flon,54.7682,-101.865,13.91,82,75,7.2,CA,1691513957
382,hassi messaoud,31.6804,6.0729,40.62,12,0,5.49,DZ,1691514539
383,lodeynoye pole,60.726,33.5531,20.55,94,91,1.79,RU,1691514540
384,chernyshevsk,52.5243,117.0174,15.94,59,46,1.34,RU,1691514541
385,as sulayyil,20.4607,45.5779,37.95,10,11,3.66,SA,1691514542
386,fuerte olimpo,-21.0415,-57.8738,34.24,32,1,2.38,PY,1691514543
387,sibut,5.718,19.0739,23.08,92,57,1.24,CF,1691514544
388,bereeda,11.8704,51.0579,30.87,56,49,2.63,SO,1691514545
389,alice springs,-23.7,133.8833,7.75,66,1,1.54,AU,1691514546
390,puerto baquerizo moreno,-0.9,-89.6,23.99,74,96,5.8,EC,1691514547
391,benguela,-12.5763,13.4055,21.42,75,12,3.66,AO,1691514548
392,harstad,68.799,16.5293,26.66,71,28,7.15,NO,1691514549
393,camacupa,-12.0167,17.4833,22.44,21,0,2.06,AO,1691514550
394,posto fiscal rolim de moura,-13.0833,-62.2667,39.52,19,3,0.42,BR,1691514435
395,gondar,12.6,37.4667,14.57,93,67,2.08,ET,1691514551
396,uusikaupunki,60.8004,21.4084,16.34,77,42,12.4,FI,1691514552
397,codrington,-38.2667,141.9667,6.07,84,69,4.86,AU,1691514553
398,susuman,62.7833,148.1667,3.01,71,64,0.52,RU,1691514554
399,chui,-33.6971,-53.4616,14.92,57,2,5.0,UY,1691514555
400,telemaco borba,-24.3239,-50.6156,15.88,98,100,1.82,BR,1691514306
401,west fargo,46.875,-96.9004,28.0,53,0,5.66,US,1691514557
402,donaghadee,54.6333,-5.5333,17.4,65,98,0.45,GB,1691514558
403,igrim,63.1906,64.4162,18.9,75,30,3.07,RU,1691514559
404,antsohihy,-14.8796,47.9875,23.17,72,64,1.19,MG,1691514560
405,sal rei,16.1833,-22.9167,25.62,70,47,6.16,CV,1691514561
406,pratt,37.6439,-98.7376,25.37,65,0,3.09,US,1691514562
407,ouallam,14.3188,2.0866,29.43,55,97,1.96,NE,1691514562
408,talara,-4.5772,-81.2719,28.42,65,0,7.45,PE,1691514383
409,sampit,-2.5333,112.95,22.85,89,82,1.11,ID,1691514564
410,portland,45.5234,-122.6762,22.75,73,75,2.06,US,1691513874
411,kamaishi,39.2667,141.8833,25.14,96,98,4.21,JP,1691514566
412,atherton,53.5237,-2.4935,19.08,60,86,1.79,GB,1691514567
413,sabang,5.8933,95.3214,27.95,75,89,6.74,ID,1691514568
414,kiunga,-6.1219,141.2906,21.67,89,92,1.68,PG,1691514569
415,almeirim,-1.5233,-52.5817,36.05,35,30,1.95,BR,1691514339
416,santa terezinha,-29.9002,-50.0904,17.04,64,87,6.75,BR,1691514571
417,carnarvon,-24.8667,113.6333,18.66,84,13,7.57,AU,1691514571
418,zeya,53.75,127.2667,18.17,53,100,2.09,RU,1691514572
419,champerico,14.3,-91.9167,31.08,63,89,2.82,GT,1691514573
420,andoain,43.2166,-2.0253,26.62,68,2,2.24,ES,1691514574
421,roses,42.262,3.1769,28.79,54,1,4.02,ES,1691514575
422,manzanillo,20.3433,-77.1167,34.41,53,27,1.58,CU,1691514576
423,parkes,-33.1333,148.1833,6.86,85,0,1.79,AU,1691514577
424,caleta de carquin,-11.0925,-77.6267,21.93,67,10,5.63,PE,1691514578
425,vilyuysk,63.7553,121.6247,14.63,55,1,2.77,RU,1691514580
426,mahenge,-8.6833,36.7167,18.48,55,63,1.6,TZ,1691514580
427,fort st. john,56.2499,-120.8529,15.94,77,75,1.03,CA,1691514564
428,utrik,11.2278,169.8474,28.27,76,93,6.55,MH,1691514582
429,remire-montjoly,4.9167,-52.2667,33.02,55,75,3.09,GF,1691514583
430,sikasso,10.9167,-7.0,31.15,57,74,1.73,ML,1691514584
431,toliara,-23.35,43.6667,21.14,77,26,2.15,MG,1691514585
432,baker city,44.7749,-117.8344,18.84,70,0,1.54,US,1691514518
433,mount isa,-20.7333,139.5,8.87,76,5,0.0,AU,1691514587
434,quellon,-43.1167,-73.6167,11.14,87,75,4.12,CL,1691514588
435,si chiang mai,17.9564,102.5867,26.16,97,100,1.57,TH,1691514589
436,gamay,12.3854,125.2979,27.17,83,26,3.67,PH,1691514590
437,tinajo,29.0788,-13.7081,24.49,78,20,3.6,ES,1691514591
438,dadukou,26.5479,101.7054,22.65,92,77,0.72,CN,1691514592
439,awjilah,29.1081,21.2869,33.17,28,0,7.87,LY,1691514593
440,maloye ganyushkino,46.6,49.2667,30.98,45,0,2.0,KZ,1691514594
441,palangkaraya,-2.2,113.8333,22.98,86,52,1.23,ID,1691514595
442,inarajan village,13.2736,144.7484,27.54,97,100,6.06,GU,1691514596
443,the bottom,17.6259,-63.2492,29.31,78,86,6.36,BQ,1691514597
444,paragominas,-2.9667,-47.4833,31.6,49,60,1.72,BR,1691514472
445,saint-leu,-21.15,55.2833,20.48,92,15,2.47,RE,1691514599
446,robertsport,6.7533,-11.3686,25.9,85,96,6.74,LR,1691514600
447,lompoc,34.6391,-120.4579,20.85,74,15,2.68,US,1691514602
448,viqueque,-8.8673,126.3658,22.19,84,46,2.06,TL,1691514603
449,gandajika,-6.75,23.95,29.62,26,76,1.45,CD,1691514604
450,tselinnoye,53.0833,85.6667,16.8,65,19,2.09,RU,1691514605
451,preobrazheniye,42.9019,133.9064,18.17,95,100,5.75,RU,1691514606
452,kushiro,42.975,144.3747,18.57,100,100,1.52,JP,1691514607
453,happy valley-goose bay,53.3168,-60.3315,18.93,58,100,2.35,CA,1691514608
454,paramonga,-10.6667,-77.8333,21.83,69,15,5.44,PE,1691514609
455,mount pearl,47.5166,-52.7813,16.85,82,100,2.24,CA,1691514610
456,gros islet,14.0667,-60.95,31.9,74,40,4.63,LC,1691514611
457,buala,-8.145,159.5921,25.46,87,91,3.27,SB,1691514612
458,ambatofinandrahana,-20.55,46.8,12.95,75,96,1.41,MG,1691514442
459,enewetak,11.3474,162.3373,28.14,79,90,5.49,MH,1691514614
460,hastings,50.8552,0.5729,17.21,44,100,8.57,GB,1691514554
461,la passe,45.5549,-0.8967,28.13,44,46,4.6,FR,1691514616
462,polonne,50.1242,27.5109,16.36,67,89,3.52,UA,1691514617
463,petropavlovsk-kamchatsky,53.0452,158.6483,8.21,93,98,5.08,RU,1691514618
464,ponta delgada,37.7333,-25.6667,24.4,69,40,5.66,PT,1691514619
465,oriximina,-1.7656,-55.8661,35.55,36,74,3.79,BR,1691514466
466,praia da vitoria,38.7333,-27.0667,25.42,82,38,3.92,PT,1691514621
467,port blair,11.6667,92.75,27.92,85,100,6.91,IN,1691514623
468,midvagur,62.0511,-7.1939,8.46,81,100,11.32,FO,1691514623
469,mykhaylivka,47.2724,35.2224,27.39,37,12,2.57,UA,1691514624
470,bambanglipuro,-7.95,110.2833,21.48,90,5,2.89,ID,1691514625
471,great falls,47.5002,-111.3008,23.66,48,0,1.54,US,1691514416
472,las heras,-46.5419,-68.9359,10.78,46,13,12.92,AR,1691514627
473,neiafu,-18.65,-173.9833,25.38,94,20,0.0,TO,1691514629
474,st. john's,47.5649,-52.7093,17.31,83,100,5.36,CA,1691514628
475,alta sierra,35.7291,-118.5495,24.2,15,0,2.71,US,1691514632
476,bay harbor,30.1471,-85.6146,34.97,71,35,3.58,US,1691514633
477,new norfolk,-42.7826,147.0587,4.84,97,52,1.44,AU,1691514634
478,kerikeri,-35.2268,173.9474,6.09,92,42,2.15,NZ,1691514635
479,gadzhiyevo,69.2551,33.3362,22.33,71,0,3.9,RU,1691514637
480,ixtapa,20.7,-105.2,32.35,74,20,1.34,MX,1691514638
481,sisimiut,66.9395,-53.6735,9.19,60,25,2.47,GL,1691514640
482,pangai,-19.8,-174.35,24.79,86,12,4.9,TO,1691514641
483,eureka,40.8021,-124.1637,16.07,89,99,0.45,US,1691514468
484,alarobia,-18.8709,47.5215,13.0,100,75,3.6,MG,1691514643
485,masuguru,-11.3667,38.4167,27.93,36,70,3.3,TZ,1691514644
486,rongelap,11.1635,166.8941,28.25,78,37,6.67,MH,1691514645
487,sungai penuh,-2.0833,101.3833,18.06,98,89,0.85,ID,1691514646
488,suomussalmi,64.8869,28.9078,21.45,80,3,4.6,FI,1691514647
489,usogorsk,63.4106,48.6872,17.59,67,74,1.92,RU,1691514648
490,marka,1.7159,44.7717,24.5,84,41,6.63,SO,1691514649
491,porto empedocle,37.2934,13.5264,26.28,66,0,2.69,IT,1691514650
492,eyl,7.9803,49.8164,25.18,79,88,11.87,SO,1691514651
493,nev'yansk,57.4953,60.2112,16.38,93,8,1.42,RU,1691514652
494,saint-joseph,-21.3667,55.6167,19.21,77,39,3.57,RE,1691514653
495,guiratinga,-16.3494,-53.7583,36.7,18,0,2.55,BR,1691514654
496,yeraliyev,43.2,51.65,30.26,40,0,5.46,KZ,1691514654
497,caluula,11.9661,50.7569,29.97,68,48,0.79,SO,1691514655
498,copala,16.65,-98.9833,31.65,59,0,2.95,MX,1691514656
499,bonthe,7.5264,-12.505,26.83,80,80,5.75,SL,1691514657
500,balkanabat,39.5108,54.3671,35.54,19,0,5.9,TM,1691514658
501,chhabra,24.6667,76.8333,26.24,77,100,5.29,IN,1691514659
502,n'zeto,-7.2312,12.8666,21.58,81,1,4.43,AO,1691514660
503,chesma,53.8111,60.6533,15.59,95,94,2.66,RU,1691514661
504,karaton,-6.3424,106.1045,23.07,90,31,0.07,ID,1691514662
505,plettenberg bay,-34.0527,23.3716,14.36,84,92,2.32,ZA,1691514664
506,alnashi,56.1874,52.4792,18.09,77,43,4.85,RU,1691514665
507,pachperwa,27.5167,82.65,26.24,93,100,1.64,IN,1691514666
508,mbandaka,0.0487,18.2603,22.64,93,81,1.87,CD,1691514667
509,san luis,-33.295,-66.3356,18.6,19,76,4.97,AR,1691514668
510,hammerfest,70.6634,23.6821,24.25,69,0,5.14,NO,1691514403
511,gunnedah,-30.9833,150.25,7.19,81,2,2.45,AU,1691514669
512,vorkuta,67.5,64.0,11.37,78,100,4.24,RU,1691514670
513,orange walk,17.8333,-88.8333,33.43,53,76,2.49,BZ,1691514671
514,lautoka,-17.6167,177.4667,20.92,88,75,2.06,FJ,1691514672
515,basoko,1.2391,23.616,23.31,84,80,0.64,CD,1691514673
516,zhangjiajie,29.1294,110.4783,26.12,97,97,0.89,CN,1691514675
517,brisas de zicatela,15.8369,-97.0419,31.29,58,20,3.09,MX,1691514676
518,balikpapan,-1.2675,116.8289,27.55,78,20,2.57,ID,1691514677
519,namibe,-15.1961,12.1522,18.6,84,13,2.85,AO,1691514678
520,pontes e lacerda,-15.2261,-59.3353,38.23,21,0,1.13,BR,1691514679
521,frederico westphalen,-27.3592,-53.3944,20.25,70,99,2.11,BR,1691514680
522,priyutnoye,46.1011,43.5072,33.06,33,0,2.16,RU,1691514681
523,north platte,41.1239,-100.7654,22.4,75,20,2.06,US,1691514682
524,port shepstone,-30.7414,30.455,19.14,78,26,9.49,ZA,1691514683
525,myrhorod,49.9685,33.6089,24.03,37,91,3.49,UA,1691514684
526,seydi,39.4816,62.9137,30.24,21,0,4.71,TM,1691514560
527,curup,-3.4667,102.5333,19.94,98,37,1.22,ID,1691514686
528,ubinskoye,55.3068,79.6802,18.36,61,98,2.26,RU,1691514687
529,lepsy,46.235,78.9456,26.04,41,36,3.93,KZ,1691514687
530,llallagua,-18.4167,-66.6333,12.25,31,5,7.4,BO,1691514688
531,realeza,-25.7689,-53.5325,23.99,63,94,2.78,BR,1691514689
532,alofi,-19.0595,-169.9187,24.06,88,43,5.39,NU,1691514690
533,makeni,8.8833,-12.05,27.21,77,100,1.54,SL,1691514691
534,gutierrez zamora,20.45,-97.0833,30.9,62,24,1.19,MX,1691514692
535,sukhobezvodnoye,57.0491,44.8891,19.49,74,0,2.7,RU,1691514693
536,safi,32.1667,-8.8333,29.53,44,81,5.5,MA,1691514694
537,newman,37.3138,-121.0208,29.57,29,0,1.41,US,1691514695
538,faranah,10.0404,-10.7434,26.48,76,87,1.79,GN,1691514696
539,suntar,62.1444,117.6319,19.63,53,24,3.5,RU,1691514697
540,carauari,-4.8828,-66.8958,36.5,38,61,1.12,BR,1691514698
541,corner brook,48.9667,-57.9484,21.64,47,57,2.4,CA,1691514523
542,harper,4.375,-7.7169,25.15,83,96,5.74,LR,1691514700
543,conduaga,8.862,117.4893,26.96,85,25,2.78,PH,1691514701
544,pierre,44.3683,-100.351,25.15,53,0,3.09,US,1691514702
545,kasempa,-13.4584,25.8338,20.27,31,8,2.35,ZM,1691514703
546,riohacha,11.5444,-72.9072,32.97,59,34,5.06,CO,1691514704
547,mahina,-17.5065,-149.489,23.87,88,75,2.06,PF,1691514705
548,ujae,8.9322,165.7642,28.07,79,86,6.24,MH,1691514706
549,qarqaraly,49.4058,75.4742,15.68,85,100,3.24,KZ,1691514707
550,vieste,41.8825,16.175,24.04,46,1,4.38,IT,1691514708
551,orapa,-21.2833,25.3667,18.22,20,0,2.44,BW,1691514709
552,antofagasta,-23.65,-70.4,18.6,66,8,3.8,CL,1691514710
553,manta,-0.95,-80.7333,28.88,78,75,7.6,EC,1691514711
554,coro,11.4045,-69.6734,34.37,53,4,7.7,VE,1691514574
555,pudasjarvi,65.3833,26.9167,22.31,80,10,5.34,FI,1691514713
556,port-gentil,-0.7193,8.7815,24.98,78,100,4.63,GA,1691514714
557,zouerate,22.7187,-12.4521,38.81,13,0,6.96,MR,1691514715
558,kathu,7.9178,98.3332,29.83,71,96,5.18,TH,1691514716
559,santiago,-33.4569,-70.6483,21.86,49,19,1.54,CL,1691514138
560,panama city beach,30.1766,-85.8055,35.0,69,75,6.17,US,1691514311
561,naze,28.3667,129.4833,25.97,92,100,12.22,JP,1691514719
562,gebeit,21.0667,36.3167,33.34,22,15,5.97,SD,1691514721
563,inirida,3.8653,-67.9239,32.31,58,17,0.83,CO,1691514722
564,upington,-28.4478,21.2561,21.21,18,0,1.54,ZA,1691514724
565,thunder bay,48.4001,-89.3168,24.33,44,7,2.2,CA,1691514401
566,mumbwa,-14.9783,27.0619,20.68,33,5,2.68,ZM,1691514726
567,jijiga,9.35,42.8,20.24,63,59,5.87,ET,1691514727
568,dabeiba,7.0017,-76.2672,30.26,71,88,2.52,CO,1691514728
569,suoyarvi,62.0833,32.35,19.26,94,99,2.49,RU,1691514729
570,prince rupert,54.3161,-130.3201,15.05,96,100,7.2,CA,1691514730
571,dwarka,22.2394,68.9678,27.28,85,100,10.06,IN,1691514731
572,gizo,-8.103,156.8419,25.89,85,99,6.77,SB,1691514732
573,kruisfontein,-34.0033,24.7314,14.94,91,75,5.05,ZA,1691514732
574,angren,41.0167,70.1436,23.75,37,11,0.59,UZ,1691514733
575,brezina,33.0989,1.2608,39.07,9,9,4.82,DZ,1691514734
576,dunedin,-45.8742,170.5036,6.56,70,98,4.02,NZ,1691514736
577,nadym,65.5333,72.5167,12.42,82,88,7.93,RU,1691514737
578,ouarzazat,30.9189,-6.8934,39.16,8,75,7.72,MA,1691514737
579,sinabang,2.4803,96.3801,26.33,79,100,1.47,ID,1691514738
580,camocim,-2.9022,-40.8411,31.83,53,17,6.76,BR,1691514700
